models,svm,svm,svm,svm
metrics,gmean,sensitivity,specificity,ave_precision
DM_BP,"[0.5931876854730171, 0.03887952943153076]","[0.7666666666666666, 0.032394177193585005]","[0.4714285714285714, 0.047856550576766146]","[0.7871643229634715, 0.03378863144009783]"
