models,svm,svm,svm,svm
metrics,gmean,sensitivity,specificity,ave_precision
DM_BP-MF,"[0.4734557925197409, 0.06268388243428162]","[0.6333333333333333, 0.03557291243018249]","[0.39999999999999997, 0.06317380553057904]","[0.7307378891318519, 0.027532262723868876]"
