models,svm,svm,svm,svm
metrics,gmean,sensitivity,specificity,ave_precision
MM_BP-MF,"[0.6668734298259176, 0.05826911357371152]","[0.7388888888888889, 0.045162031104656296]","[0.625, 0.08207381501496754]","[0.8157579573204574, 0.03297643097811044]"
