models,svm,svm,svm,svm
metrics,gmean,sensitivity,specificity,ave_precision
DM_BP,"[0.5474620712801507, 0.06324517216878468]","[0.7916666666666667, 0.02239516041194042]","[0.42857142857142855, 0.0563436169819011]","[0.7754149563456838, 0.03456672018730564]"
