models,svm,svm,svm,svm
metrics,gmean,sensitivity,specificity,ave_precision
MM_MF,"[0.4071500230277455, 0.08309668091725243]","[0.7166666666666667, 0.046857707143999984]","[0.31500000000000006, 0.08914719413544221]","[0.7623073454323455, 0.022845154224960713]"
