models,svm,svm,svm,svm
metrics,gmean,sensitivity,specificity,ave_precision
CE_BP-CC,,,"[0.7972850678733032, 0.0239453773679184]","[0.5443543733563778, 0.032814483069994196]"
