models,svm,svm,svm,svm
metrics,gmean,sensitivity,specificity,ave_precision
CE_BP,,,"[0.762608695652174, 0.020518381777280686]","[0.5557515318645847, 0.023794863719711384]"
