models,svm,svm,svm,svm
metrics,gmean,sensitivity,specificity,ave_precision
CE_BP-MF,,,"[0.7913265306122448, 0.015810610846396875]","[0.593711599209256, 0.024904680699551478]"
