models,svm,svm,svm,svm
metrics,gmean,sensitivity,specificity,ave_precision
CE_CC-MF,,,"[0.7538838612368024, 0.017263145553418208]","[0.5600602263638559, 0.025462049418812978]"
