models,svm,svm,svm,svm
metrics,gmean,sensitivity,specificity,ave_precision
CE_MF,,,"[0.7009966777408637, 0.027700746382420198]","[0.4985414170903787, 0.03413432567853681]"
