models,svm,svm,svm,svm
metrics,gmean,sensitivity,specificity,ave_precision
DM_BP,,,"[0.4571428571428572, 0.051287283877471466]","[0.7654586400871229, 0.018770622600625037]"
