models,svm,svm,svm,svm
metrics,gmean,sensitivity,specificity,ave_precision
DM_BP-MF,,,"[0.4428571428571429, 0.05408484138857403]","[0.71117888457575, 0.037576567717397286]"
