models,svm,svm,svm,svm
metrics,gmean,sensitivity,specificity,ave_precision
DM_BP-CC-MF,,,"[0.4428571428571428, 0.0395553517281813]","[0.801547103960997, 0.03217843315671125]"
