models,svm,svm,svm,svm
metrics,gmean,sensitivity,specificity,ave_precision
DM_CC,,,"[0.37619047619047613, 0.04838016080675609]","[0.7295981773104099, 0.030593067567693973]"
