models,svm,svm,svm,svm
metrics,gmean,sensitivity,specificity,ave_precision
DM_CC-MF,,,"[0.42857142857142855, 0.04259177099999599]","[0.7866307023579926, 0.02838328008602714]"
