models,svm,svm,svm,svm
metrics,gmean,sensitivity,specificity,ave_precision
DM_MF,,,"[0.5452380952380952, 0.07040268582109552]","[0.7967323967787485, 0.0336782641423587]"
