models,svm,svm,svm,svm
metrics,gmean,sensitivity,specificity,ave_precision
MM_BP,,,"[0.23500000000000001, 0.059651767227244266]","[0.7083226649893317, 0.03498442320537946]"
