models,svm,svm,svm,svm
metrics,gmean,sensitivity,specificity,ave_precision
MM_CC-MF,,,"[0.42000000000000004, 0.08171767114754175]","[0.7976402147235481, 0.023223126452634458]"
