models,svm,svm,svm,svm
metrics,gmean,sensitivity,specificity,ave_precision
SC_BP-CC-MF,,,"[0.8789915966386553, 0.018417659837272324]","[0.38037099351399595, 0.04132352099184532]"
