models,svm,svm,svm,svm
metrics,gmean,sensitivity,specificity,ave_precision
CE_CC,"[0.6109804003742283, 0.018616828973210448]","[0.5079999999999999, 0.023888630489558554]","[0.7390612244897958, 0.022068685664199717]","[0.5338384228040869, 0.02756653385693439]"
