models,svm,svm,svm,svm
metrics,gmean,sensitivity,specificity,ave_precision
DM_BP-MF,"[0.5363849536785429, 0.0505585108579413]","[0.7166666666666666, 0.04513354669242199]","[0.45714285714285713, 0.08464947064110084]","[0.7193812455819035, 0.036496637168966395]"
