models,svm,svm,svm,svm
metrics,gmean,sensitivity,specificity,ave_precision
MM_BP-MF,"[0.564833386405346, 0.10533129454290512]","[0.7875, 0.04615952017899456]","[0.545, 0.11363929289153858]","[0.8915606615606617, 0.020599315114304583]"
