models,svm,svm,svm,svm
metrics,gmean,sensitivity,specificity,ave_precision
MM_CC,"[0.40791513674795227, 0.06321598982238111]","[0.586111111111111, 0.07108554710247865]","[0.36500000000000005, 0.060575939484620825]","[0.7029294470961138, 0.023394723745759818]"
