models,svm,svm,svm,svm
metrics,gmean,sensitivity,specificity,ave_precision
SC_CC,"[0.268198750235357, 0.0747374003089495]","[0.14, 0.04268749491621899]","[0.8995798319327729, 0.01563780526916602]","[0.1937190542466416, 0.03281819447407822]"
