models,svm,svm,svm,svm
metrics,gmean,sensitivity,specificity,ave_precision
SC_MF,"[0.4430169482374528, 0.08435276757810842]","[0.28, 0.06798692684790379]","[0.9278151260504203, 0.01605628531727884]","[0.32424383489651987, 0.045454380788017223]"
