models,svm,svm,svm,svm
metrics,gmean,sensitivity,specificity,ave_precision
DM_BP-MF,"[0.546524769607488, 0.04469320464399339]","[0.7333333333333333, 0.05241100628920335]","[0.42857142857142855, 0.05634361698190111]","[0.7098278233562676, 0.031102506691319406]"
