models,svm,svm,svm,svm
metrics,gmean,sensitivity,specificity,ave_precision
SC_BP-MF,"[0.5026252538924091, 0.037082876418062655]","[0.30000000000000004, 0.044721359549995794]","[0.879327731092437, 0.017038182099962225]","[0.3501423776476408, 0.03706721094918644]"
