models,svm,svm,svm,svm
metrics,gmean,sensitivity,specificity,ave_precision
SC_BP,"[0.5105675947307459, 0.06749601097659055]","[0.34, 0.060000000000000005]","[0.8910084033613446, 0.016837530121014584]","[0.3828949827499524, 0.047962244425854346]"
