models,svm,svm,svm,svm
metrics,gmean,sensitivity,specificity,ave_precision
SC_CC-MF,"[0.45819923405649965, 0.0897676322174406]","[0.32, 0.08537498983243798]","[0.9078991596638655, 0.01416392308914255]","[0.374613087150914, 0.05580422066957377]"
