models,svm,svm,svm,svm
metrics,gmean,sensitivity,specificity,ave_precision
SC_CC,"[0.291174374834219, 0.08225850561141536]","[0.16, 0.04988876515698588]","[0.916638655462185, 0.015668657574376098]","[0.20941229795832497, 0.03319956252895742]"
