models,svm,svm,svm,svm
metrics,gmean,sensitivity,specificity,ave_precision
SC_MF,"[0.4441700757791741, 0.08049125724628241]","[0.28, 0.06110100926607786]","[0.9132773109243697, 0.0105953468625756]","[0.2962977121922493, 0.04075060305282302]"
