models,svm,svm,svm,svm
metrics,gmean,sensitivity,specificity,ave_precision
MM_MF,"[0.3636647125333054, 0.0650006449847026]","[0.7236111111111111, 0.04466812923715661]","[0.24500000000000002, 0.05134307266916454]","[0.764912221266388, 0.02538372274131205]"
