models,svm,svm,svm,svm
metrics,gmean,sensitivity,specificity,ave_precision
SC_BP-CC-MF,"[0.564367961244651, 0.07984092327297695]","[0.4, 0.07888106377466154]","[0.9426050420168067, 0.012025944434092951]","[0.42409442601282005, 0.058207790834713134]"
