models,svm,svm,svm,svm
metrics,gmean,sensitivity,specificity,ave_precision
SC_CC-MF,"[0.39984279484876933, 0.09091794039471356]","[0.26000000000000006, 0.0669991708074726]","[0.9138655462184874, 0.012095684397997157]","[0.3714906792630693, 0.0598739318086517]"
