models,svm,svm,svm,svm
metrics,gmean,sensitivity,specificity,ave_precision
SC_BP,"[0.5408235130511092, 0.07031794805635974]","[0.38, 0.06289320754704401]","[0.88781512605042, 0.016842748503531544]","[0.32099726650862126, 0.048708678209138205]"
